Workbook

Sheet Sheet1
B1: date | C1: menuName | D1: memberName | E1: price | F1: note | G1: status | H1: supplier | I1: groupID | J1: menuID | K1: memberID
B2: 45261 | C2: 金湯酸菜魚套餐 | D2: Shi, Zhao-Yong | E2: 34 | I2: lunch_hp | J2: =VLOOKUP(C2,MenuID!B:C,2,) -> f070138d6a3232cc004cac101d617e55 | K2: =VLOOKUP(D2,MemberID!A:B,2,) -> 117e1a7d6a32375b0032e4e503b8a95d
B3: 45261 | C3: 秘制牛肉 | D3: Wan, Jia-Nian | E3: 0 | I3: lunch_hp | J3: =VLOOKUP(C3,MenuID!B:C,2,) -> #N/A | K3: =VLOOKUP(D3,MemberID!A:B,2,) -> 117e1a7d6a32375b0032e4e75d4f00aa
B4: 45261 | C4: 梅菜扣肉套餐 | D4: Wang, Cheng-Yu | E4: 30 | I4: lunch_hp | J4: =VLOOKUP(C4,MenuID!B:C,2,) -> f070138d6a3232cc004cac0d6f87f4e0 | K4: =VLOOKUP(D4,MemberID!A:B,2,) -> #N/A
B5: 45261 | C5: 梅菜扣肉套餐 | D5: Xiong, Wenjun | E5: 30 | I5: lunch_hp | J5: =VLOOKUP(C5,MenuID!B:C,2,) -> f070138d6a3232cc004cac0d6f87f4e0 | K5: =VLOOKUP(D5,MemberID!A:B,2,) -> 117e1a7d6a32375b0032e4e94c678d6e
B6: 45261 | C6: 梅菜扣肉套餐 | D6: Zeng, Daniel | E6: 30 | I6: lunch_hp | J6: =VLOOKUP(C6,MenuID!B:C,2,) -> f070138d6a3232cc004cac0d6f87f4e0 | K6: =VLOOKUP(D6,MemberID!A:B,2,) -> 117e1a7d6a32375b0032e4ec164af75f
B7: 45261 | C7: 咖喱牛肉饭 | D7: Zhang, Hai-Tao | E7: 30 | I7: lunch_hp | J7: =VLOOKUP(C7,MenuID!B:C,2,) -> 117e1a7d6a3232cc0032ba8a3c10c6b1 | K7: =VLOOKUP(D7,MemberID!A:B,2,) -> 117e1a7d6a32375b0032e4ed77ddbf3c
B8: 45261 | C8: 咖喱牛肉饭 | D8: Zhang, Xin-Guo | E8: 30 | I8: lunch_hp | J8: =VLOOKUP(C8,MenuID!B:C,2,) -> 117e1a7d6a3232cc0032ba8a3c10c6b1 | K8: =VLOOKUP(D8,MemberID!A:B,2,) -> 117e1a7d6a32375b0032e4ee31a66c55
B9: 45261 | C9: 雞腿飯 | D9: Zhou, HongLiang | E9: 27 | I9: lunch_hp | J9: =VLOOKUP(C9,MenuID!B:C,2,) -> 117e1a7d6a3232cc0032ba841bacdc09 | K9: =VLOOKUP(D9,MemberID!A:B,2,) -> 117e1a7d6a32375b0032e4ef27297d42
B10: 45261 | C10: 金湯酸菜魚套餐 | D10: Zhou Yong | E10: 34 | I10: lunch_hp | J10: =VLOOKUP(C10,MenuID!B:C,2,) -> f070138d6a3232cc004cac101d617e55 | K10: =VLOOKUP(D10,MemberID!A:B,2,) -> 117e1a7d6a32375b0032e4f07f23b606
B11: 45261 | C11: 雞腿飯 | D11: Ge, Neal | E11: 27 | I11: lunch_hp | J11: =VLOOKUP(C11,MenuID!B:C,2,) -> 117e1a7d6a3232cc0032ba841bacdc09 | K11: =VLOOKUP(D11,MemberID!A:B,2,) -> 117e1a7d6a32375b0032e4df575c9dff
B12: 45261 | C12: 金湯酸菜魚套餐 | D12: Mao, Kun | E12: 34 | I12: lunch_hp | J12: =VLOOKUP(C12,MenuID!B:C,2,) -> f070138d6a3232cc004cac101d617e55 | K12: =VLOOKUP(D12,MemberID!A:B,2,) -> 117e1a7d6a32375b0032e4e33eae3cfc
B13: 45261 | C13: 金湯酸菜魚套餐 | D13: Alex | E13: 34 | I13: lunch_hp | J13: =VLOOKUP(C13,MenuID!B:C,2,) -> f070138d6a3232cc004cac101d617e55 | K13: =VLOOKUP(D13,MemberID!A:B,2,) -> 117e1a7d6a32375b0032e4f1728479df
... B602: 45436 | C602: 金湯酸菜魚套餐 | D602: Zhou Yong | E602: 34 | I602: lunch_hp | J602: =VLOOKUP(C602,MenuID!B:C,2,) -> f070138d6a3232cc004cac101d617e55 | K602: =VLOOKUP(D602,MemberID!A:B,2,) -> 117e1a7d6a32375b0032e4f07f23b606
B603: 45436 | C603: 秘制牛肉 | D603: Xiong, Wenjun | I603: lunch_hp | J603: =VLOOKUP(C603,MenuID!B:C,2,) -> #N/A | K603: =VLOOKUP(D603,MemberID!A:B,2,) -> 117e1a7d6a32375b0032e4e94c678d6e
B604: 45436 | C604: 金湯酸菜魚套餐 | D604: Su, Jun | E604: 34 | I604: lunch_hp | J604: =VLOOKUP(C604,MenuID!B:C,2,) -> f070138d6a3232cc004cac101d617e55 | K604: =VLOOKUP(D604,MemberID!A:B,2,) -> 117e1a7d6a32375b0032e4e6270171de
B605: 45439 | C605: 金湯酸菜魚套餐 | D605: Zhou Yong | E605: 34 | I605: lunch_hp | J605: =VLOOKUP(C605,MenuID!B:C,2,) -> f070138d6a3232cc004cac101d617e55 | K605: =VLOOKUP(D605,MemberID!A:B,2,) -> 117e1a7d6a32375b0032e4f07f23b606
B606: 45439 | C606: 雞腿飯 | D606: Ge, Neal | E606: 27 | I606: lunch_hp | J606: =VLOOKUP(C606,MenuID!B:C,2,) -> 117e1a7d6a3232cc0032ba841bacdc09 | K606: =VLOOKUP(D606,MemberID!A:B,2,) -> 117e1a7d6a32375b0032e4df575c9dff
B607: 45439 | C607: 雞腿飯 | D607: Wang, Cheng-Yu | E607: 27 | I607: lunch_hp | J607: =VLOOKUP(C607,MenuID!B:C,2,) -> 117e1a7d6a3232cc0032ba841bacdc09 | K607: =VLOOKUP(D607,MemberID!A:B,2,) -> #N/A
B608: 45439 | C608: 金湯酸菜魚套餐 | D608: Xu, Jian | E608: 34 | I608: lunch_hp | J608: =VLOOKUP(C608,MenuID!B:C,2,) -> f070138d6a3232cc004cac101d617e55 | K608: =VLOOKUP(D608,MemberID!A:B,2,) -> 117e1a7d6a32375b0032e4ea6656f4f1
B609: 45439 | C609: 梅菜扣肉套餐 | D609: Xiong, Wenjun | E609: 30 | I609: lunch_hp | J609: =VLOOKUP(C609,MenuID!B:C,2,) -> f070138d6a3232cc004cac0d6f87f4e0 | K609: =VLOOKUP(D609,MemberID!A:B,2,) -> 117e1a7d6a32375b0032e4e94c678d6e
B610: 45439 | C610: 肉末茄子套餐 | D610: Zeng, Daniel | E610: 24 | I610: lunch_hp | J610: =VLOOKUP(C610,MenuID!B:C,2,) -> f070138d6a3232cc004cac0f417e3be6 | K610: =VLOOKUP(D610,MemberID!A:B,2,) -> 117e1a7d6a32375b0032e4ec164af75f
B611: 45439 | C611: 金湯酸菜魚套餐 | D611: Wan, Jia-Nian | E611: 34 | I611: lunch_hp | J611: =VLOOKUP(C611,MenuID!B:C,2,) -> f070138d6a3232cc004cac101d617e55 | K611: =VLOOKUP(D611,MemberID!A:B,2,) -> 117e1a7d6a32375b0032e4e75d4f00aa
B612: 45439 | C612: 金湯酸菜魚套餐 | D612: Zhang, Xin-Guo | E612: 34 | I612: lunch_hp | J612: =VLOOKUP(C612,MenuID!B:C,2,) -> f070138d6a3232cc004cac101d617e55 | K612: =VLOOKUP(D612,MemberID!A:B,2,) -> 117e1a7d6a32375b0032e4ee31a66c55
B613: 45439 | C613: 浓香猪脚煲套餐 | D613: Zhang, Hai-Tao | E613: 37 | I613: lunch_hp | J613: =VLOOKUP(C613,MenuID!B:C,2,) -> f070138d6a3232cc004cac114f946662 | K613: =VLOOKUP(D613,MemberID!A:B,2,) -> 117e1a7d6a32375b0032e4ed77ddbf3c
B614: 45439 | C614: 浓香猪脚煲套餐 | D614: Zhang, Hai-Tao | E614: 37 | I614: lunch_hp | J614: =VLOOKUP(C614,MenuID!B:C,2,) -> f070138d6a3232cc004cac114f946662 | K614: =VLOOKUP(D614,MemberID!A:B,2,) -> 117e1a7d6a32375b0032e4ed77ddbf3c
B615: 45439 | C615: 雞腿飯 | D615: Mao, Kun | E615: 27 | I615: lunch_hp | J615: =VLOOKUP(C615,MenuID!B:C,2,) -> 117e1a7d6a3232cc0032ba841bacdc09 | K615: =VLOOKUP(D615,MemberID!A:B,2,) -> 117e1a7d6a32375b0032e4e33eae3cfc
... B621: 45440 | C621: 魚香肉絲 | D621: Hu, Yao-Qing | E621: 23 | I621: lunch_hp | J621: =VLOOKUP(C621,MenuID!B:C,2,) -> 117e1a7d6a3232cc0032ba8c6d2cb4d3 | K621: =VLOOKUP(D621,MemberID!A:B,2,) -> 117e1a7d6a32375b0032e4e109cccaf3
B622: 45440 | C622: 秘制牛肉 | D622: Dou, Cindy | I622: lunch_hp | J622: =VLOOKUP(C622,MenuID!B:C,2,) -> #N/A | K622: =VLOOKUP(D622,MemberID!A:B,2,) -> 117e1a7d6a32375b0032e4de4195c0ce
B623: 45440 | C623: 金湯酸菜魚套餐 | D623: Shi, Zhao-Yong | E623: 34 | I623: lunch_hp | J623: =VLOOKUP(C623,MenuID!B:C,2,) -> f070138d6a3232cc004cac101d617e55 | K623: =VLOOKUP(D623,MemberID!A:B,2,) -> 117e1a7d6a32375b0032e4e503b8a95d
B624: 45440 | C624: 肉末茄子套餐 | D624: Shi, Zhao-Yong | E624: 24 | I624: lunch_hp | J624: =VLOOKUP(C624,MenuID!B:C,2,) -> f070138d6a3232cc004cac0f417e3be6 | K624: =VLOOKUP(D624,MemberID!A:B,2,) -> 117e1a7d6a32375b0032e4e503b8a95d
B625: 45440 | C625: 盐烤青花鱼便当 | D625: Qiao, Xiu-Jun | E625: 48 | I625: lunch_hp | J625: =VLOOKUP(C625,MenuID!B:C,2,) -> f070138d6a3232cc004cac151e8fe14b | K625: =VLOOKUP(D625,MemberID!A:B,2,) -> 117e1a7d6a32375b0032e4e405c4b42b
B626: 45440 | C626: 盐烤青花鱼便当 | D626: Zhang, Xin-Guo | E626: 48 | I626: lunch_hp | J626: =VLOOKUP(C626,MenuID!B:C,2,) -> f070138d6a3232cc004cac151e8fe14b | K626: =VLOOKUP(D626,MemberID!A:B,2,) -> 117e1a7d6a32375b0032e4ee31a66c55
B627: 45440 | C627: 盐烤青花鱼便当 | D627: Anna | E627: 48 | I627: lunch_hp | J627: =VLOOKUP(C627,MenuID!B:C,2,) -> f070138d6a3232cc004cac151e8fe14b | K627: =VLOOKUP(D627,MemberID!A:B,2,) -> f070138d6a32375b004ce0e012ab9b33
B628: 45440 | C628: 浓香猪脚煲套餐 | D628: Zhang, Hai-Tao | E628: 37 | I628: lunch_hp | J628: =VLOOKUP(C628,MenuID!B:C,2,) -> f070138d6a3232cc004cac114f946662 | K628: =VLOOKUP(D628,MemberID!A:B,2,) -> 117e1a7d6a32375b0032e4ed77ddbf3c
B629: 45440 | C629: 浓香猪脚煲套餐 | D629: Zhang, Hai-Tao | E629: 37 | I629: lunch_hp | J629: =VLOOKUP(C629,MenuID!B:C,2,) -> f070138d6a3232cc004cac114f946662 | K629: =VLOOKUP(D629,MemberID!A:B,2,) -> 117e1a7d6a32375b0032e4ed77ddbf3c
B630: 45440 | C630: 浓香猪脚煲套餐 | D630: Su, Jun | E630: 37 | I630: lunch_hp | J630: =VLOOKUP(C630,MenuID!B:C,2,) -> f070138d6a3232cc004cac114f946662 | K630: =VLOOKUP(D630,MemberID!A:B,2,) -> 117e1a7d6a32375b0032e4e6270171de
B631: 45440 | C631: 浓香猪脚煲套餐 | D631: Xiong, Wenjun | E631: 37 | I631: lunch_hp | J631: =VLOOKUP(C631,MenuID!B:C,2,) -> f070138d6a3232cc004cac114f946662 | K631: =VLOOKUP(D631,MemberID!A:B,2,) -> 117e1a7d6a32375b0032e4e94c678d6e
B632: 45440 | C632: 浓香猪脚煲套餐 | D632: Wang, Cheng-Yu | E632: 37 | I632: lunch_hp | J632: =VLOOKUP(C632,MenuID!B:C,2,) -> f070138d6a3232cc004cac114f946662 | K632: =VLOOKUP(D632,MemberID!A:B,2,) -> #N/A
B633: 45440 | C633: 雞腿飯 | D633: Ge, Neal | E633: 27 | I633: lunch_hp | J633: =VLOOKUP(C633,MenuID!B:C,2,) -> 117e1a7d6a3232cc0032ba841bacdc09 | K633: =VLOOKUP(D633,MemberID!A:B,2,) -> 117e1a7d6a32375b0032e4df575c9dff
B634: 45454 | C634: 金湯酸菜魚套餐 | D634: Zhang, Xin-Guo | E634: 34 | I634: lunch_hp | J634: =VLOOKUP(C634,MenuID!B:C,2,) -> f070138d6a3232cc004cac101d617e55 | K634: =VLOOKUP(D634,MemberID!A:B,2,) -> 117e1a7d6a32375b0032e4ee31a66c55
... B642: 45454 | C642: 黑胡椒牛肉套餐 | D642: Guo, Xiao-Jian | E642: 37 | I642: lunch_hp | J642: =VLOOKUP(C642,MenuID!B:C,2,) -> 117e1a7d6a3232cc0032ba970bcfbdf8 | K642: =VLOOKUP(D642,MemberID!A:B,2,) -> 117e1a7d6a32375b0032e4e04e8766de
B643: 45454 | C643: 秘制牛肉 | D643: Xiong, Wenjun | I643: lunch_hp | J643: =VLOOKUP(C643,MenuID!B:C,2,) -> #N/A | K643: =VLOOKUP(D643,MemberID!A:B,2,) -> 117e1a7d6a32375b0032e4e94c678d6e
B644: 45454 | C644: 雞腿飯 | D644: Zhou Yong | E644: 27 | I644: lunch_hp | J644: =VLOOKUP(C644,MenuID!B:C,2,) -> 117e1a7d6a3232cc0032ba841bacdc09 | K644: =VLOOKUP(D644,MemberID!A:B,2,) -> 117e1a7d6a32375b0032e4f07f23b606
B645: 45454 | C645: 全素 | D645: Qiao, Xiu-Jun | E645: 18 | I645: lunch_hp | J645: =VLOOKUP(C645,MenuID!B:C,2,) -> 117e1a7d6a3232cc0032ba8d0f25aa48 | K645: =VLOOKUP(D645,MemberID!A:B,2,) -> 117e1a7d6a32375b0032e4e405c4b42b
B646: 45454 | C646: 雞腿飯 | D646: Qiao, Xiu-Jun | E646: 27 | I646: lunch_hp | J646: =VLOOKUP(C646,MenuID!B:C,2,) -> 117e1a7d6a3232cc0032ba841bacdc09 | K646: =VLOOKUP(D646,MemberID!A:B,2,) -> 117e1a7d6a32375b0032e4e405c4b42b
B647: 45454 | C647: 雞腿飯 | D647: Qiao, Xiu-Jun | E647: 27 | I647: lunch_hp | J647: =VLOOKUP(C647,MenuID!B:C,2,) -> 117e1a7d6a3232cc0032ba841bacdc09 | K647: =VLOOKUP(D647,MemberID!A:B,2,) -> 117e1a7d6a32375b0032e4e405c4b42b
B648: 45455 | C648: 黑松露风味菌菇鸡肉pizza | D648: Zhang, Xin-Guo | E648: 88 | I648: lunch_hp | J648: =VLOOKUP(C648,MenuID!B:C,2,) -> f070138d6a3232cc004cac1b5cfb147d | K648: =VLOOKUP(D648,MemberID!A:B,2,) -> 117e1a7d6a32375b0032e4ee31a66c55
B649: 45455 | C649: 盐烤青花鱼便当 | D649: Mao, Kun | E649: 48 | I649: lunch_hp | J649: =VLOOKUP(C649,MenuID!B:C,2,) -> f070138d6a3232cc004cac151e8fe14b | K649: =VLOOKUP(D649,MemberID!A:B,2,) -> 117e1a7d6a32375b0032e4e33eae3cfc
B650: 45455 | C650: 麦辣鸡腿堡 | D650: Hu, Yao-Qing | E650: 42.5 | I650: lunch_hp | J650: =VLOOKUP(C650,MenuID!B:C,2,) -> 5caf1a7c6a3232cc017db3276799e541 | K650: =VLOOKUP(D650,MemberID!A:B,2,) -> 117e1a7d6a32375b0032e4e109cccaf3
B651: 45455 | C651: 雞腿飯 | D651: Zhou, HongLiang | E651: 27 | I651: lunch_hp | J651: =VLOOKUP(C651,MenuID!B:C,2,) -> 117e1a7d6a3232cc0032ba841bacdc09 | K651: =VLOOKUP(D651,MemberID!A:B,2,) -> 117e1a7d6a32375b0032e4ef27297d42
B652: 45455 | C652: 黑松露风味菌菇鸡肉pizza | D652: Shi, Zhao-Yong | E652: 88 | I652: lunch_hp | J652: =VLOOKUP(C652,MenuID!B:C,2,) -> f070138d6a3232cc004cac1b5cfb147d | K652: =VLOOKUP(D652,MemberID!A:B,2,) -> 117e1a7d6a32375b0032e4e503b8a95d
B653: 45455 | C653: 浓香猪脚煲套餐 | D653: Zhang, Hai-Tao | E653: 37 | I653: lunch_hp | J653: =VLOOKUP(C653,MenuID!B:C,2,) -> f070138d6a3232cc004cac114f946662 | K653: =VLOOKUP(D653,MemberID!A:B,2,) -> 117e1a7d6a32375b0032e4ed77ddbf3c
B654: 45455 | C654: 秘制牛肉 | D654: Xiong, Wenjun | I654: lunch_hp | J654: =VLOOKUP(C654,MenuID!B:C,2,) -> #N/A | K654: =VLOOKUP(D654,MemberID!A:B,2,) -> 117e1a7d6a32375b0032e4e94c678d6e
B655: 45455 | C655: 秘制牛肉 | D655: Tang, hong | I655: lunch_hp | J655: =VLOOKUP(C655,MenuID!B:C,2,) -> #N/A | K655: =VLOOKUP(D655,MemberID!A:B,2,) -> f070138d6a32375b004ce0dd2dd21f1a
B656: 45455 | C656: 全素 | D656: Zeng, Daniel | E656: 18 | I656: lunch_hp | J656: =VLOOKUP(C656,MenuID!B:C,2,) -> 117e1a7d6a3232cc0032ba8d0f25aa48 | K656: =VLOOKUP(D656,MemberID!A:B,2,) -> 117e1a7d6a32375b0032e4ec164af75f
B657: 45455 | C657: 香酥排骨飯 | D657: ALEJANDRO ALARCON CANO | E657: 26 | I657: lunch_hp | J657: =VLOOKUP(C657,MenuID!B:C,2,) -> 117e1a7d6a3232cc0032ba8633046662 | K657: =VLOOKUP(D657,MemberID!A:B,2,) -> f070138d6a32375b004ce0e22ae16638
B658: 45455 | C658: 麦辣鸡腿堡 | D658: JORDI MUNCUNILL FARRES | E658: 42.5 | I658: lunch_hp | J658: =VLOOKUP(C658,MenuID!B:C,2,) -> 5caf1a7c6a3232cc017db3276799e541 | K658: =VLOOKUP(D658,MemberID!A:B,2,) -> f070138d6a32375b004ce0e175ab830d
B659: 45455 | C659: 全素 | D659: Qiao, Xiu-Jun | E659: 18 | I659: lunch_hp | J659: =VLOOKUP(C659,MenuID!B:C,2,) -> 117e1a7d6a3232cc0032ba8d0f25aa48 | K659: =VLOOKUP(D659,MemberID!A:B,2,) -> 117e1a7d6a32375b0032e4e405c4b42b
B660: 45455 | C660: 咖喱牛肉饭 | D660: Zhou Yong | E660: 30 | I660: lunch_hp | J660: =VLOOKUP(C660,MenuID!B:C,2,) -> 117e1a7d6a3232cc0032ba8a3c10c6b1 | K660: =VLOOKUP(D660,MemberID!A:B,2,) -> 117e1a7d6a32375b0032e4f07f23b606
B661: 45456 | C661: 雞腿飯 | D661: Qiao, Xiu-Jun | E661: 27 | I661: lunch_hp | J661: =VLOOKUP(C661,MenuID!B:C,2,) -> 117e1a7d6a3232cc0032ba841bacdc09 | K661: =VLOOKUP(D661,MemberID!A:B,2,) -> 117e1a7d6a32375b0032e4e405c4b42b
B662: 45456 | C662: 雞腿飯 | D662: Qiao, Xiu-Jun | E662: 27 | I662: lunch_hp | J662: =VLOOKUP(C662,MenuID!B:C,2,) -> 117e1a7d6a3232cc0032ba841bacdc09 | K662: =VLOOKUP(D662,MemberID!A:B,2,) -> 117e1a7d6a32375b0032e4e405c4b42b
B663: 45456 | C663: 全素 | D663: Zeng, Daniel | E663: 18 | I663: lunch_hp | J663: =VLOOKUP(C663,MenuID!B:C,2,) -> 117e1a7d6a3232cc0032ba8d0f25aa48 | K663: =VLOOKUP(D663,MemberID!A:B,2,) -> 117e1a7d6a32375b0032e4ec164af75f
B664: 45456 | C664: 全素 | D664: Xiong, Wenjun | E664: 18 | I664: lunch_hp | J664: =VLOOKUP(C664,MenuID!B:C,2,) -> 117e1a7d6a3232cc0032ba8d0f25aa48 | K664: =VLOOKUP(D664,MemberID!A:B,2,) -> 117e1a7d6a32375b0032e4e94c678d6e
B665: 45456 | C665: 金湯酸菜魚套餐 | D665: Xu, Jian | E665: 34 | I665: lunch_hp | J665: =VLOOKUP(C665,MenuID!B:C,2,) -> f070138d6a3232cc004cac101d617e55 | K665: =VLOOKUP(D665,MemberID!A:B,2,) -> 117e1a7d6a32375b0032e4ea6656f4f1
B666: 45457 | C666: 金湯酸菜魚套餐 | D666: Mao, Kun | E666: 34 | I666: lunch_hp | J666: =VLOOKUP(C666,MenuID!B:C,2,) -> f070138d6a3232cc004cac101d617e55 | K666: =VLOOKUP(D666,MemberID!A:B,2,) -> 117e1a7d6a32375b0032e4e33eae3cfc
B667: 45457 | C667: 金湯酸菜魚套餐 | D667: Zhou, HongLiang | E667: 34 | I667: lunch_hp | J667: =VLOOKUP(C667,MenuID!B:C,2,) -> f070138d6a3232cc004cac101d617e55 | K667: =VLOOKUP(D667,MemberID!A:B,2,) -> 117e1a7d6a32375b0032e4ef27297d42
... B684: 45460 | C684: 金湯酸菜魚套餐 | D684: Mao, Kun | E684: 34 | I684: lunch_hp | J684: =VLOOKUP(C684,MenuID!B:C,2,) -> f070138d6a3232cc004cac101d617e55 | K684: =VLOOKUP(D684,MemberID!A:B,2,) -> 117e1a7d6a32375b0032e4e33eae3cfc
B685: 45460 | C685: 秘制牛肉 | D685: Zhou Yong | I685: lunch_hp | J685: =VLOOKUP(C685,MenuID!B:C,2,) -> #N/A | K685: =VLOOKUP(D685,MemberID!A:B,2,) -> 117e1a7d6a32375b0032e4f07f23b606
B686: 45460 | C686: 秘制牛肉 | D686: Xiong, Wenjun | I686: lunch_hp | J686: =VLOOKUP(C686,MenuID!B:C,2,) -> #N/A | K686: =VLOOKUP(D686,MemberID!A:B,2,) -> 117e1a7d6a32375b0032e4e94c678d6e
B687: 45460 | C687: 秘制牛肉 | D687: Zeng, Daniel | I687: lunch_hp | J687: =VLOOKUP(C687,MenuID!B:C,2,) -> #N/A | K687: =VLOOKUP(D687,MemberID!A:B,2,) -> 117e1a7d6a32375b0032e4ec164af75f
B688: 45460 | C688: 金湯酸菜魚套餐 | D688: Xu, Jian | E688: 34 | I688: lunch_hp | J688: =VLOOKUP(C688,MenuID!B:C,2,) -> f070138d6a3232cc004cac101d617e55 | K688: =VLOOKUP(D688,MemberID!A:B,2,) -> 117e1a7d6a32375b0032e4ea6656f4f1
B689: 45460 | C689: 金湯酸菜魚套餐 | D689: Wan, Jia-Nian | E689: 34 | I689: lunch_hp | J689: =VLOOKUP(C689,MenuID!B:C,2,) -> f070138d6a3232cc004cac101d617e55 | K689: =VLOOKUP(D689,MemberID!A:B,2,) -> 117e1a7d6a32375b0032e4e75d4f00aa
B690: 45460 | C690: 金湯酸菜魚套餐 | D690: Shi, Zhao-Yong | E690: 34 | I690: lunch_hp | J690: =VLOOKUP(C690,MenuID!B:C,2,) -> f070138d6a3232cc004cac101d617e55 | K690: =VLOOKUP(D690,MemberID!A:B,2,) -> 117e1a7d6a32375b0032e4e503b8a95d
B691: 45460 | C691: 浓香猪脚煲套餐 | D691: Zhang, Hai-Tao | E691: 37 | I691: lunch_hp | J691: =VLOOKUP(C691,MenuID!B:C,2,) -> f070138d6a3232cc004cac114f946662 | K691: =VLOOKUP(D691,MemberID!A:B,2,) -> 117e1a7d6a32375b0032e4ed77ddbf3c
B692: 45460 | C692: 浓香猪脚煲套餐 | D692: Zhang, Hai-Tao | E692: 37 | I692: lunch_hp | J692: =VLOOKUP(C692,MenuID!B:C,2,) -> f070138d6a3232cc004cac114f946662 | K692: =VLOOKUP(D692,MemberID!A:B,2,) -> 117e1a7d6a32375b0032e4ed77ddbf3c
B693: 45460 | C693: 金湯酸菜魚套餐 | D693: Qiao, Xiu-Jun | E693: 34 | I693: lunch_hp | J693: =VLOOKUP(C693,MenuID!B:C,2,) -> f070138d6a3232cc004cac101d617e55 | K693: =VLOOKUP(D693,MemberID!A:B,2,) -> 117e1a7d6a32375b0032e4e405c4b42b
B694: 45461 | C694: 黑松露风味菌菇鸡肉pizza | D694: Zhang, Xin-Guo | E694: 88 | I694: lunch_hp | J694: =VLOOKUP(C694,MenuID!B:C,2,) -> f070138d6a3232cc004cac1b5cfb147d | K694: =VLOOKUP(D694,MemberID!A:B,2,) -> 117e1a7d6a32375b0032e4ee31a66c55
B695: 45461 | C695: 浓香猪脚煲套餐 | D695: Zhou, HongLiang | E695: 37 | I695: lunch_hp | J695: =VLOOKUP(C695,MenuID!B:C,2,) -> f070138d6a3232cc004cac114f946662 | K695: =VLOOKUP(D695,MemberID!A:B,2,) -> 117e1a7d6a32375b0032e4ef27297d42
B696: 45461 | C696: 咖喱牛肉饭 | D696: Mao, Kun | E696: 30 | I696: lunch_hp | J696: =VLOOKUP(C696,MenuID!B:C,2,) -> 117e1a7d6a3232cc0032ba8a3c10c6b1 | K696: =VLOOKUP(D696,MemberID!A:B,2,) -> 117e1a7d6a32375b0032e4e33eae3cfc
B697: 45461 | C697: 金湯酸菜魚套餐 | D697: Yan, Hong-Ming | E697: 34 | I697: lunch_hp | J697: =VLOOKUP(C697,MenuID!B:C,2,) -> f070138d6a3232cc004cac101d617e55 | K697: =VLOOKUP(D697,MemberID!A:B,2,) -> 117e1a7d6a32375b0032e4eb0b173955
B698: 45461 | C698: 秘制牛肉 | D698: Xiong, Wenjun | I698: lunch_hp | J698: =VLOOKUP(C698,MenuID!B:C,2,) -> #N/A | K698: =VLOOKUP(D698,MemberID!A:B,2,) -> 117e1a7d6a32375b0032e4e94c678d6e
B699: 45461 | C699: 雞腿飯 | D699: Su, Jun | E699: 27 | I699: lunch_hp | J699: =VLOOKUP(C699,MenuID!B:C,2,) -> 117e1a7d6a3232cc0032ba841bacdc09 | K699: =VLOOKUP(D699,MemberID!A:B,2,) -> 117e1a7d6a32375b0032e4e6270171de
B700: 45461 | C700: 咖喱牛肉饭 | D700: Zhou Yong | E700: 30 | I700: lunch_hp | J700: =VLOOKUP(C700,MenuID!B:C,2,) -> 117e1a7d6a3232cc0032ba8a3c10c6b1 | K700: =VLOOKUP(D700,MemberID!A:B,2,) -> 117e1a7d6a32375b0032e4f07f23b606
B701: 45461 | C701: 雞腿飯 | D701: Ge, Neal | E701: 27 | I701: lunch_hp | J701: =VLOOKUP(C701,MenuID!B:C,2,) -> 117e1a7d6a3232cc0032ba841bacdc09 | K701: =VLOOKUP(D701,MemberID!A:B,2,) -> 117e1a7d6a32375b0032e4df575c9dff
B702: 45461 | C702: 金湯酸菜魚套餐 | D702: Wan, Jia-Nian | E702: 34 | I702: lunch_hp | J702: =VLOOKUP(C702,MenuID!B:C,2,) -> f070138d6a3232cc004cac101d617e55 | K702: =VLOOKUP(D702,MemberID!A:B,2,) -> 117e1a7d6a32375b0032e4e75d4f00aa
B703: 45461 | C703: 浓香猪脚煲套餐 | D703: Zhang, Hai-Tao | E703: 37 | I703: lunch_hp | J703: =VLOOKUP(C703,MenuID!B:C,2,) -> f070138d6a3232cc004cac114f946662 | K703: =VLOOKUP(D703,MemberID!A:B,2,) -> 117e1a7d6a32375b0032e4ed77ddbf3c
B704: 45462 | C704: 雞腿飯 | D704: Ge, Neal | E704: 27 | I704: lunch_hp | J704: =VLOOKUP(C704,MenuID!B:C,2,) -> 117e1a7d6a3232cc0032ba841bacdc09 | K704: =VLOOKUP(D704,MemberID!A:B,2,) -> 117e1a7d6a32375b0032e4df575c9dff
B705: 45462 | C705: 盐烤青花鱼便当 | D705: Mao, Kun | E705: 48 | I705: lunch_hp | J705: =VLOOKUP(C705,MenuID!B:C,2,) -> f070138d6a3232cc004cac151e8fe14b | K705: =VLOOKUP(D705,MemberID!A:B,2,) -> 117e1a7d6a32375b0032e4e33eae3cfc
B706: 45462 | C706: 黑松露风味菌菇鸡肉pizza | D706: Zhang, Xin-Guo | E706: 88 | I706: lunch_hp | J706: =VLOOKUP(C706,MenuID!B:C,2,) -> f070138d6a3232cc004cac1b5cfb147d | K706: =VLOOKUP(D706,MemberID!A:B,2,) -> 117e1a7d6a32375b0032e4ee31a66c55
B707: 45462 | C707: 雞腿飯 | D707: Zhou, HongLiang | E707: 27 | I707: lunch_hp | J707: =VLOOKUP(C707,MenuID!B:C,2,) -> 117e1a7d6a3232cc0032ba841bacdc09 | K707: =VLOOKUP(D707,MemberID!A:B,2,) -> 117e1a7d6a32375b0032e4ef27297d42
B708: 45462 | C708: 金湯酸菜魚套餐 | D708: Shi, Zhao-Yong | E708: 34 | I708: lunch_hp | J708: =VLOOKUP(C708,MenuID!B:C,2,) -> f070138d6a3232cc004cac101d617e55 | K708: =VLOOKUP(D708,MemberID!A:B,2,) -> 117e1a7d6a32375b0032e4e503b8a95d
B709: 45462 | C709: 秘制牛肉 | D709: Xiong, Wenjun | I709: lunch_hp | J709: =VLOOKUP(C709,MenuID!B:C,2,) -> #N/A | K709: =VLOOKUP(D709,MemberID!A:B,2,) -> 117e1a7d6a32375b0032e4e94c678d6e
B710: 45462 | C710: 秘制牛肉 | D710: Zeng, Daniel | I710: lunch_hp | J710: =VLOOKUP(C710,MenuID!B:C,2,) -> #N/A | K710: =VLOOKUP(D710,MemberID!A:B,2,) -> 117e1a7d6a32375b0032e4ec164af75f
B711: 45462 | C711: 金湯酸菜魚套餐 | D711: Xu, Jian | E711: 34 | I711: lunch_hp | J711: =VLOOKUP(C711,MenuID!B:C,2,) -> f070138d6a3232cc004cac101d617e55 | K711: =VLOOKUP(D711,MemberID!A:B,2,) -> 117e1a7d6a32375b0032e4ea6656f4f1
B712: 45462 | C712: 雞腿飯 | D712: Zhou Yong | E712: 27 | I712: lunch_hp | J712: =VLOOKUP(C712,MenuID!B:C,2,) -> 117e1a7d6a3232cc0032ba841bacdc09 | K712: =VLOOKUP(D712,MemberID!A:B,2,) -> 117e1a7d6a32375b0032e4f07f23b606
B713: 45462 | C713: 夏威夷风情pizza | D713: Wan, Jia-Nian | E713: 89 | I713: lunch_hp | J713: =VLOOKUP(C713,MenuID!B:C,2,) -> f070138d6a3232cc004cac1a212f6996 | K713: =VLOOKUP(D713,MemberID!A:B,2,) -> 117e1a7d6a32375b0032e4e75d4f00aa
B714: 45462 | C714: 雞腿飯 | D714: Zhang, Hai-Tao | E714: 27 | I714: lunch_hp | J714: =VLOOKUP(C714,MenuID!B:C,2,) -> 117e1a7d6a3232cc0032ba841bacdc09 | K714: =VLOOKUP(D714,MemberID!A:B,2,) -> 117e1a7d6a32375b0032e4ed77ddbf3c
B715: 45462 | C715: 秘制牛肉 | D715: Wang, Cheng-Yu | I715: lunch_hp | J715: =VLOOKUP(C715,MenuID!B:C,2,) -> #N/A | K715: =VLOOKUP(D715,MemberID!A:B,2,) -> #N/A
B716: 45463 | C716: 全素 | D716: Qiao, Xiu-Jun | E716: 18 | I716: lunch_hp | J716: =VLOOKUP(C716,MenuID!B:C,2,) -> 117e1a7d6a3232cc0032ba8d0f25aa48 | K716: =VLOOKUP(D716,MemberID!A:B,2,) -> 117e1a7d6a32375b0032e4e405c4b42b
...

Sheet MenuID
B1: name | C1: _id
B2: 雞腿飯 | C2: 117e1a7d6a3232cc0032ba841bacdc09
B3: 香腸飯 | C3: 117e1a7d6a3232cc0032ba856e45e306
B4: 香酥排骨飯 | C4: 117e1a7d6a3232cc0032ba8633046662
B5: 紅燒排骨 | C5: 117e1a7d6a3232cc0032ba877fba8727
B6: 香辣牛肉 | C6: 117e1a7d6a3232cc0032ba880059b9ea
B7: 酸甜糖醋里脊饭 | C7: 117e1a7d6a3232cc0032ba892841cc16
B8: 咖喱牛肉饭 | C8: 117e1a7d6a3232cc0032ba8a3c10c6b1
B9: 梅菜扣肉饭 | C9: 117e1a7d6a3232cc0032ba8b49daedbb
B10: 魚香肉絲 | C10: 117e1a7d6a3232cc0032ba8c6d2cb4d3
B11: 全素 | C11: 117e1a7d6a3232cc0032ba8d0f25aa48
B12: 肉沫茄子便当 | C12: 117e1a7d6a3232cc0032ba8e4ea044aa
... B47: 豪華三拼牛肉雞胸蝦仁烤蔬套餐 | C47: 5caf1a7c6a3232cc017db32c4099e5ae

Sheet MemberID
A1: name | B1: _id
A2: Dou, Cindy | B2: 117e1a7d6a32375b0032e4de4195c0ce
A3: Ge, Neal | B3: 117e1a7d6a32375b0032e4df575c9dff
A4: Guo, Xiao-Jian | B4: 117e1a7d6a32375b0032e4e04e8766de
A5: Hu, Yao-Qing | B5: 117e1a7d6a32375b0032e4e109cccaf3
A6: Liu, Jianping | B6: 117e1a7d6a32375b0032e4e22355c574
A7: Mao, Kun | B7: 117e1a7d6a32375b0032e4e33eae3cfc
A8: Qiao, Xiu-Jun | B8: 117e1a7d6a32375b0032e4e405c4b42b
A9: Shi, Zhao-Yong | B9: 117e1a7d6a32375b0032e4e503b8a95d
A10: Su, Jun | B10: 117e1a7d6a32375b0032e4e6270171de
A11: Wan, Jia-Nian | B11: 117e1a7d6a32375b0032e4e75d4f00aa
A12: Xiong, Wenjun | B12: 117e1a7d6a32375b0032e4e94c678d6e
... A45: 王成余 | B45: 5caf1a7c6a32b95f01a95396443f7542
B46: f070138d6a334829005b88b54385c115
